{"type": "metrics", "dataset": "train", "precision": 0.5156653151492813, "balanced_accuracy": 0.7151134951282844, "recall": 0.5921693121693121, "f1_score": 0.5512757363806522}
{"type": "metrics", "dataset": "test", "precision": 0.4884832681442851, "balanced_accuracy": 0.7116546095737615, "recall": 0.5897166841552991, "f1_score": 0.5343475160446874}
{"type": "cm_matrix", "dataset": "train", "true_0": {"predicted_0": 13600, "predicted_1": 2628}, "true_1": {"predicted_0": 1927, "predicted_1": 2798}}
{"type": "cm_matrix", "dataset": "test", "true_0": {"predicted_0": 5896, "predicted_1": 1177}, "true_1": {"predicted_0": 782, "predicted_1": 1124}}
